<?xml version="1.0" encoding="UTF-8"?>
<beans xmlns="http://www.springframework.org/schema/beans"
       xmlns:xsi="http://www.w3.org/2001/XMLSchema-instance" xmlns:tx="http://www.springframework.org/schema/tx"
       xsi:schemaLocation="http://www.springframework.org/schema/beans http://www.springframework.org/schema/beans/spring-beans.xsd http://www.springframework.org/schema/tx http://www.springframework.org/schema/tx/spring-tx.xsd">

    <bean id="transactionManager"
          class="org.springframework.orm.hibernate4.HibernateTransactionManager">
        <property name="sessionFactory" ref="sessionFactory" />
    </bean>

    <tx:annotation-driven transaction-manager="transactionManager"
                          proxy-target-class="true" />

    <tx:advice id="txAdvice" transaction-manager="transactionManager">
        <tx:attributes>
            <tx:method name="insert*" propagation="NESTED"
                       rollback-for="Exception" />
            <tx:method name="add*" propagation="NESTED" rollback-for="Exception" />
            <tx:method name="update*" propagation="NESTED"
                       rollback-for="Exception" />
            <tx:method name="modify*" propagation="NESTED"
                       rollback-for="Exception" />
            <tx:method name="edit*" propagation="NESTED" rollback-for="Exception" />
            <tx:method name="del*" propagation="NESTED" rollback-for="Exception" />
            <tx:method name="save*" propagation="NESTED" rollback-for="Exception" />
            <tx:method name="send*" propagation="NESTED" rollback-for="Exception" />
            <tx:method name="get*" read-only="true" />
            <tx:method name="find*" read-only="true" />
            <tx:method name="query*" read-only="true" />
            <tx:method name="search*" read-only="true" />
            <tx:method name="select*" read-only="true" />
            <tx:method name="count*" read-only="true" />
        </tx:attributes>
    </tx:advice>

</beans>